CustomerID,Age,Gender,Location,Tenure_Months,Avg_Monthly_Spend,Last_Month_Spend,Num_Transactions,Days_Since_Last_Purchase,Support_Tickets,Next_Month_Spend_Label,Churn_Label
CUST_0001,56,Male,Urban,43,54.2,60.9,92,84,1,58.88,0
CUST_0002,69,Male,Suburban,58,83.73,97.39,98,166,1,98.65,0
CUST_0003,46,Male,Urban,5,61.18,55.37,10,71,0,57.98,0
CUST_0004,32,Female,Suburban,5,68.35,69.65,10,297,0,68.56,1
CUST_0005,60,Male,Urban,30,5,0,69,8,0,0,0
CUST_0006,25,Male,Rural,54,81.16,75.08,100,280,2,78.73,1
CUST_0007,38,Male,Suburban,32,46.28,50.14,60,257,1,46.67,1
CUST_0008,56,Female,Rural,8,34.63,17.98,17,274,1,13.63,1
CUST_0009,36,Female,Suburban,10,46.51,40.15,23,237,1,40.86,1
CUST_0010,40,Male,Rural,38,20.3,11.02,75,19,2,1.38,0
CUST_0011,28,Male,Urban,47,70.96,72.38,101,232,0,74.33,1
CUST_0012,28,Male,Urban,32,43.29,49.04,66,220,1,50.02,1
CUST_0013,41,Male,Urban,48,35.23,42.65,110,325,0,48.26,1
CUST_0014,53,Female,Suburban,28,46.64,56.63,58,16,0,54.13,0
CUST_0015,57,Female,Rural,17,72.36,86.08,22,88,0,92.7,0
CUST_0016,41,Female,Urban,31,52.63,58.7,62,195,0,61.35,0
CUST_0017,20,Female,Rural,8,21.81,40.68,21,349,1,40.55,1
CUST_0018,39,Male,Rural,40,59.3,60.5,80,83,1,69.58,0
CUST_0019,19,Male,Urban,25,31.42,29.69,45,86,0,30.17,0
CUST_0020,41,Male,Urban,9,6.88,12.95,23,306,1,10.36,1
CUST_0021,61,Female,Rural,2,79.92,77.76,5,337,2,78.38,1
CUST_0022,47,Male,Urban,15,59.14,77.67,32,153,2,74.98,1
CUST_0023,55,Female,Urban,50,48.43,59.74,101,227,2,61.61,1
CUST_0024,19,Female,Urban,3,43.09,50.59,3,263,0,57.19,1
CUST_0025,38,Male,Suburban,49,77.94,79.25,95,222,0,79.21,1
CUST_0026,50,Male,Rural,36,111.74,107.67,71,120,1,108.12,0
CUST_0027,29,Male,Rural,4,58.98,65.99,6,172,0,69.98,0
CUST_0028,39,Female,Suburban,14,29.41,18.14,26,3,0,24.08,0
CUST_0029,61,Male,Rural,41,46.91,62.25,83,341,3,59.99,1
CUST_0030,42,Female,Urban,41,58.61,56.83,85,127,3,57.69,1
CUST_0031,66,Male,Rural,25,5,8.05,46,109,1,12.06,0
CUST_0032,44,Female,Urban,58,56.69,47.59,117,354,0,49.24,1
CUST_0033,59,Female,Suburban,55,58.73,65.96,116,36,2,56.65,0
CUST_0034,45,Male,Urban,50,76.53,71.99,100,70,2,76.9,0
CUST_0035,33,Female,Rural,10,74.44,80.93,10,288,0,83.54,1
CUST_0036,32,Female,Rural,21,52.22,59.79,39,30,1,62.76,0
CUST_0037,64,Male,Rural,36,80.29,73.81,69,267,0,67.85,1
CUST_0038,68,Female,Suburban,12,90.71,79.47,34,10,0,80.23,0
CUST_0039,61,Male,Suburban,27,50.56,65.88,58,343,3,70.1,1
CUST_0040,69,Female,Rural,40,58.36,56.44,78,327,3,52.04,1
CUST_0041,20,Male,Urban,2,14.65,16.9,4,31,3,13.8,0
CUST_0042,54,Male,Suburban,54,20.98,25.83,120,56,0,30.13,0
CUST_0043,68,Female,Rural,13,33.24,20.7,23,165,0,17.36,0
CUST_0044,24,Female,Rural,53,41.13,45.76,108,187,0,44.72,0
CUST_0045,38,Female,Suburban,32,28.08,29.07,56,341,0,23.9,1
CUST_0046,26,Female,Suburban,31,49.28,42.84,49,18,0,51.94,0
CUST_0047,56,Female,Suburban,16,41.73,30.16,35,115,0,32.76,0
CUST_0048,35,Male,Urban,32,71.42,77.48,73,183,2,76.2,1
CUST_0049,21,Female,Urban,32,40.5,51.78,71,269,2,49.57,1
CUST_0050,42,Male,Rural,34,5,6.79,58,32,1,0.65,0
CUST_0051,31,Male,Suburban,11,52.52,38.18,22,9,0,37.63,0
CUST_0052,67,Female,Urban,10,49.72,39.15,25,79,1,42.48,0
CUST_0053,26,Male,Suburban,15,32.76,28.44,40,191,1,24.39,1
CUST_0054,43,Male,Rural,17,51.9,67.55,30,319,0,68.08,1
CUST_0055,19,Male,Urban,40,28.49,26.02,85,189,0,24.18,0
CUST_0056,37,Male,Urban,18,56.6,51.91,26,67,0,58.81,0
CUST_0057,45,Female,Urban,55,102.66,85.93,121,347,1,82.75,1
CUST_0058,64,Male,Rural,9,13.89,7.32,18,124,0,11.21,0
CUST_0059,24,Female,Suburban,25,39.68,27.35,42,335,0,34.32,1
CUST_0060,61,Female,Urban,40,36.47,26.44,82,58,0,24.55,0
CUST_0061,25,Male,Rural,59,41.33,42.53,103,96,0,39.59,0
CUST_0062,64,Female,Suburban,14,70.4,66.39,22,274,1,71,1
CUST_0063,52,Female,Rural,58,60.86,77.85,116,148,2,68.94,1
CUST_0064,31,Female,Suburban,25,66.98,77.76,44,277,2,79.91,1
CUST_0065,34,Male,Rural,50,50.61,44.52,93,264,2,36.64,1
CUST_0066,53,Female,Suburban,22,23.56,14.39,49,8,0,20.5,0
CUST_0067,67,Female,Urban,52,27.71,41.54,96,282,2,40.28,1
CUST_0068,57,Female,Suburban,30,64.93,81.53,57,272,2,81.08,1
CUST_0069,21,Male,Rural,20,53.42,31.48,48,300,0,27.86,1
CUST_0070,19,Female,Rural,21,75.2,76.13,48,7,2,68.22,0
CUST_0071,23,Male,Suburban,44,55.87,53.35,85,207,3,59.68,1
CUST_0072,59,Male,Urban,32,26.34,32.83,69,124,1,31.97,0
CUST_0073,21,Male,Urban,51,39.56,58.99,115,122,1,75.03,0
CUST_0074,46,Male,Suburban,46,61.3,56.46,104,32,1,52.41,0
CUST_0075,35,Male,Suburban,49,64.21,43.6,76,0,0,40.37,0
CUST_0076,43,Male,Rural,56,67.1,72.89,91,203,1,68.4,1
CUST_0077,61,Female,Urban,21,29.03,42.93,45,5,0,42.05,0
CUST_0078,51,Male,Suburban,35,25.98,22.94,61,296,0,30.82,1
CUST_0079,27,Female,Urban,58,46.2,39.15,115,4,1,44.2,0
CUST_0080,53,Female,Suburban,32,78.8,74.43,71,79,2,66.91,0
CUST_0081,31,Male,Suburban,30,36.12,44.62,59,273,1,50.64,1
CUST_0082,48,Female,Urban,55,59.1,54.56,95,176,2,57.97,1
CUST_0083,65,Female,Suburban,39,59.1,62.39,88,337,2,64.8,1
CUST_0084,32,Female,Suburban,49,65.22,65.5,107,320,0,62.08,1
CUST_0085,25,Female,Rural,12,83.29,82.54,23,338,1,79.49,1
CUST_0086,31,Male,Suburban,41,81.24,88.25,88,135,0,88.94,0
CUST_0087,40,Female,Suburban,47,38.11,33.32,114,24,1,30.55,0
CUST_0088,57,Male,Suburban,18,8.04,3.73,27,324,0,10.29,1
CUST_0089,38,Female,Rural,21,36.43,44.41,44,182,2,41.43,1
CUST_0090,33,Female,Urban,13,51.51,41.64,24,167,2,31.91,1
CUST_0091,62,Male,Rural,21,42.77,33.97,39,337,0,27.46,1
CUST_0092,35,Female,Rural,8,89.36,76.76,22,177,0,70.57,0
CUST_0093,64,Female,Urban,46,50.38,58.87,104,94,1,57.55,0
CUST_0094,41,Female,Rural,40,63.07,62.02,80,32,5,63.1,0
CUST_0095,43,Male,Urban,46,54.34,41.2,92,110,0,41.47,0
CUST_0096,42,Female,Rural,7,43.07,51.61,16,145,1,53.91,0
CUST_0097,62,Male,Urban,23,11.5,5.94,39,230,1,4.68,1
CUST_0098,58,Female,Suburban,44,48.43,39.71,78,271,2,38.63,1
CUST_0099,46,Male,Rural,32,115.09,113.13,62,335,0,121.89,1
CUST_0100,32,Male,Rural,11,25.11,39.9,17,37,1,45.93,0
CUST_0101,62,Female,Rural,22,13.7,9.75,36,134,1,11.79,0
CUST_0102,18,Female,Rural,22,88.73,94.48,40,333,1,99.06,1
CUST_0103,42,Male,Suburban,43,64.84,72.11,86,234,0,62.48,1
CUST_0104,24,Male,Rural,25,53.75,58.18,55,318,1,54.07,1
CUST_0105,26,Female,Suburban,22,77.25,89.96,52,344,0,87.8,1
CUST_0106,41,Male,Suburban,28,33.37,26.3,65,159,0,22.25,0
CUST_0107,18,Female,Suburban,29,47.87,37.44,65,37,2,29.71,0
CUST_0108,61,Female,Suburban,13,69.1,58.47,26,149,1,60.57,0
CUST_0109,25,Female,Urban,18,92.21,90.77,40,307,1,97.7,1
CUST_0110,41,Female,Urban,2,26.63,17.16,5,28,1,17.1,0
CUST_0111,28,Male,Rural,29,75.61,77.09,61,143,1,80.33,0
CUST_0112,68,Female,Urban,21,57.64,58.41,39,75,0,58.2,0
CUST_0113,34,Male,Urban,15,53.26,63.45,26,144,0,61.24,0
CUST_0114,25,Female,Rural,52,49.85,52.76,116,228,4,57.36,1
CUST_0115,52,Male,Rural,27,22.31,18.15,71,63,1,11.01,0
CUST_0116,52,Female,Rural,50,69.26,73.37,110,346,1,64.05,1
CUST_0117,50,Male,Urban,31,34.35,24.05,57,344,3,16.84,1
CUST_0118,22,Male,Urban,15,28.41,28.03,30,268,2,32.3,1
CUST_0119,59,Female,Rural,51,67.71,70.9,106,327,0,71.34,1
CUST_0120,56,Female,Suburban,23,65.78,67.07,39,183,2,68.95,1
CUST_0121,58,Female,Rural,24,51.58,55.73,48,260,0,64.11,1
CUST_0122,45,Female,Suburban,44,71.59,65.15,74,267,0,59.33,1
CUST_0123,24,Male,Suburban,13,78.52,90.04,28,168,0,96.06,0
CUST_0124,26,Female,Rural,22,76.16,94.38,46,258,3,92.4,1
CUST_0125,25,Male,Rural,43,39.43,23.4,78,226,1,20.66,1
CUST_0126,29,Male,Rural,37,70.28,58.12,71,32,1,58.53,0
CUST_0127,51,Female,Urban,33,54.23,54.66,80,213,0,55.85,0
CUST_0128,50,Male,Suburban,56,84.52,81.95,107,49,1,80.9,0
CUST_0129,65,Male,Urban,3,47.53,66.49,9,209,0,69.54,0
CUST_0130,40,Male,Urban,54,42.87,45.07,95,28,0,45.5,0
CUST_0131,41,Male,Rural,19,37.72,51.65,34,38,1,50.65,0
CUST_0132,54,Female,Urban,23,53.79,33.3,40,346,1,31.22,1
CUST_0133,52,Female,Rural,29,59.33,67.47,55,99,4,68.66,1
CUST_0134,61,Female,Suburban,30,59.72,52.56,70,172,0,45.78,0
CUST_0135,57,Female,Rural,39,56.98,49.66,83,16,1,44.29,0
CUST_0136,39,Male,Urban,44,63.42,60.94,83,55,0,59.1,0
CUST_0137,44,Male,Urban,47,45.55,31.3,77,225,2,34.02,1
CUST_0138,52,Female,Rural,25,32.55,36.98,52,45,3,47.69,0
CUST_0139,18,Female,Rural,37,30.8,32.71,90,66,0,31.91,0
CUST_0140,52,Female,Urban,47,69.5,72.16,103,196,0,63.29,0
CUST_0141,54,Male,Suburban,8,59.41,68.28,19,141,3,64.33,1
CUST_0142,64,Female,Suburban,42,12.88,28.03,84,322,1,31.32,1
CUST_0143,31,Female,Rural,58,71.94,68.3,115,22,0,63.45,0
CUST_0144,20,Female,Suburban,16,87.61,92.38,33,93,1,85.85,0
CUST_0145,18,Male,Urban,8,35.68,38.61,15,241,0,41.88,1
CUST_0146,22,Male,Rural,1,56.72,60.5,2,236,0,62.82,1
CUST_0147,43,Male,Urban,44,40.53,44.46,93,53,0,37.1,0
CUST_0148,31,Male,Urban,5,62.57,78.48,5,137,2,74.01,0
CUST_0149,56,Male,Suburban,3,26.68,22.08,4,332,0,28.3,1
CUST_0150,44,Male,Rural,1,48.57,33.31,2,271,1,37.57,1
CUST_0151,26,Male,Rural,4,69.63,62.65,9,40,1,56.66,0
CUST_0152,32,Male,Suburban,40,74.71,82.28,64,97,2,72.34,0
CUST_0153,32,Female,Urban,35,58.53,58.76,79,182,1,60.1,0
CUST_0154,43,Female,Urban,32,43.22,38.54,63,127,1,37.06,0
CUST_0155,59,Male,Urban,42,18.15,7.39,64,228,0,8.3,1
CUST_0156,30,Male,Urban,34,34.85,37.06,62,316,0,40.23,1
CUST_0157,68,Female,Rural,43,40.61,47.06,92,85,4,42.28,1
CUST_0158,49,Male,Rural,25,36.05,39.11,53,255,2,36.95,1
CUST_0159,56,Male,Suburban,10,51.19,48.66,12,208,3,44.16,1
CUST_0160,66,Male,Suburban,21,43.16,44.63,40,214,2,40.31,1
CUST_0161,69,Female,Rural,46,53.44,54.85,91,99,0,57.67,0
CUST_0162,49,Female,Rural,39,74.05,75.95,80,48,0,76.67,0
CUST_0163,21,Female,Urban,27,41.87,30.03,56,200,2,22.22,1
CUST_0164,47,Female,Urban,27,22.34,24.31,48,257,0,27.94,1
CUST_0165,54,Female,Suburban,2,35.97,31.56,5,177,0,29.81,0
CUST_0166,40,Male,Rural,41,61.67,72.08,62,244,1,75.94,1
CUST_0167,56,Female,Suburban,48,63.56,64.89,110,122,3,59.82,1
CUST_0168,62,Male,Rural,13,58.12,66.47,26,341,0,61.84,1
CUST_0169,32,Male,Urban,9,76.01,72.99,21,170,1,74.25,0
CUST_0170,60,Female,Suburban,52,46.27,43.61,115,332,0,38.13,1
CUST_0171,46,Female,Suburban,36,91.04,105.98,71,135,2,104.61,0
CUST_0172,53,Male,Rural,22,66.36,70.72,41,58,0,64.67,0
CUST_0173,30,Male,Urban,42,5,0,67,192,0,0,0
CUST_0174,49,Male,Suburban,26,86.01,94.98,61,267,1,94.82,1
CUST_0175,24,Female,Urban,58,34.66,29.33,123,259,0,29.41,1
CUST_0176,68,Female,Suburban,54,29.32,31.58,100,94,1,29.76,0
CUST_0177,39,Female,Urban,12,60.48,78.85,29,124,0,80.52,0
CUST_0178,45,Female,Rural,17,15.24,0.93,45,40,0,1.67,0
CUST_0179,19,Female,Suburban,14,36.09,34.33,29,253,0,33.88,1
CUST_0180,59,Male,Suburban,14,81.14,85.22,31,6,0,82.09,0
CUST_0181,62,Female,Urban,57,61.12,68.77,104,215,0,74.11,0
CUST_0182,23,Male,Urban,34,66.24,53.83,88,68,1,55.76,0
CUST_0183,45,Male,Suburban,53,36.86,21.5,120,68,2,16.32,0
CUST_0184,45,Male,Rural,57,19.23,30.14,91,80,0,33.38,0
CUST_0185,61,Female,Urban,20,64.14,56.94,27,29,0,61.32,0
CUST_0186,61,Female,Urban,11,68.61,60.99,15,72,2,60.58,0
CUST_0187,37,Female,Urban,16,67.7,83.2,23,261,0,83.12,1
CUST_0188,47,Male,Suburban,51,54.18,54.88,89,88,1,44.59,0
CUST_0189,28,Male,Suburban,31,30.66,31.42,70,207,0,27.2,0
CUST_0190,45,Male,Suburban,55,98.76,96.96,126,212,1,101.18,1
CUST_0191,42,Male,Suburban,6,59.6,47.36,9,321,2,43.45,1
CUST_0192,56,Male,Rural,56,46.52,53.28,107,265,2,52.48,1
CUST_0193,50,Male,Rural,19,46.61,50.7,44,292,0,46.41,1
CUST_0194,18,Female,Suburban,37,52.99,54.68,79,206,1,55.83,1
CUST_0195,44,Female,Rural,58,71.39,70.23,124,332,1,72.2,1
CUST_0196,69,Female,Urban,4,53.79,50.87,5,76,1,52.97,0
CUST_0197,30,Female,Urban,47,67.17,76.29,100,287,1,70.59,1
CUST_0198,58,Male,Urban,4,53.03,51.62,9,46,3,52.15,0
CUST_0199,20,Male,Suburban,20,47.75,47.11,31,109,0,54.99,0
CUST_0200,56,Female,Urban,10,62.83,68.13,21,199,3,71.87,1
CUST_0201,23,Male,Rural,24,62.07,64.15,52,209,2,64.62,1
CUST_0202,25,Female,Suburban,54,46.61,63.03,102,153,0,53.38,0
CUST_0203,44,Female,Rural,35,35.02,17.41,60,9,1,16.16,0
CUST_0204,26,Female,Urban,26,56.83,59.83,47,352,0,68.06,1
CUST_0205,54,Male,Urban,37,51.57,44.51,67,156,4,51.1,1
CUST_0206,50,Female,Urban,38,38.9,29.48,85,260,3,31.79,1
CUST_0207,68,Female,Suburban,21,33.15,28.58,47,76,1,24.98,0
CUST_0208,59,Female,Rural,54,58.21,58.76,131,256,1,59.02,1
CUST_0209,61,Male,Suburban,40,61,61.99,80,130,1,65.86,0
CUST_0210,41,Male,Suburban,39,42.8,27.63,79,66,2,32.33,0
CUST_0211,32,Female,Urban,21,38.4,32.99,48,227,3,34.55,1
CUST_0212,49,Male,Suburban,10,33.39,36.2,18,162,0,40.48,0
CUST_0213,49,Male,Suburban,38,57.65,48.88,73,14,1,48.59,0
CUST_0214,41,Male,Urban,46,33.92,22.77,102,231,1,22.26,1
CUST_0215,58,Male,Suburban,4,94.82,72.26,6,194,3,69.97,1
CUST_0216,69,Male,Urban,57,41.79,35.16,106,348,3,37.28,1
CUST_0217,66,Male,Urban,45,5,0,75,29,0,5,0
CUST_0218,66,Male,Urban,20,49.4,39.56,35,358,1,43.1,1
CUST_0219,69,Male,Urban,17,48.54,45.82,38,337,0,39.73,1
CUST_0220,29,Male,Suburban,55,72.23,66.23,110,330,0,60.41,1
CUST_0221,56,Male,Urban,7,55.76,44.1,13,315,1,49.62,1
CUST_0222,19,Female,Urban,4,33.32,12.16,7,295,0,13.04,1
CUST_0223,20,Female,Suburban,29,44.27,47.29,61,329,0,48.37,1
CUST_0224,66,Male,Suburban,14,56.55,64.08,23,219,1,65.05,1
CUST_0225,54,Female,Rural,3,6.71,2.74,6,146,0,11.5,0
CUST_0226,66,Female,Suburban,24,76.77,74.11,56,258,1,71.88,1
CUST_0227,34,Male,Suburban,37,33.38,33.41,61,291,3,38.99,1
CUST_0228,66,Male,Rural,16,78.34,94.13,32,298,1,95.3,1
CUST_0229,19,Male,Suburban,58,57.85,42.17,113,142,1,34.17,0
CUST_0230,19,Female,Suburban,55,62.59,58.45,112,234,1,54.33,1
CUST_0231,45,Female,Suburban,52,72.99,55.77,96,114,0,52.73,0
CUST_0232,40,Male,Suburban,4,61.46,65.08,6,364,1,70.55,1
CUST_0233,54,Male,Rural,56,63.46,62.02,98,89,0,68.16,0
CUST_0234,49,Male,Suburban,24,46.71,48.74,33,207,0,50.51,0
CUST_0235,50,Female,Suburban,34,57.44,58.97,69,163,1,56.36,0
CUST_0236,18,Female,Rural,30,38.25,48.16,59,83,2,43.61,0
CUST_0237,36,Female,Urban,18,43.13,48.51,32,76,0,54.2,0
CUST_0238,19,Female,Rural,19,89.29,97.6,34,160,2,91.18,1
CUST_0239,61,Male,Urban,31,33.84,23.18,65,4,4,22.66,0
CUST_0240,43,Male,Rural,19,53.09,65.02,43,77,1,76.84,0
CUST_0241,49,Male,Rural,49,52.27,45.05,108,90,4,42.45,1
CUST_0242,23,Male,Suburban,46,43.78,37.13,102,86,0,30.77,0
CUST_0243,49,Female,Urban,19,60.29,63,46,269,0,54.17,1
CUST_0244,21,Female,Suburban,22,61.79,64.81,40,103,3,76.83,0
CUST_0245,28,Male,Urban,24,31.48,20.76,42,338,3,22.5,1
CUST_0246,34,Male,Rural,45,52.03,50.3,92,174,1,45.95,0
CUST_0247,55,Female,Rural,12,28.35,43.23,24,53,1,42.28,0
CUST_0248,41,Male,Urban,30,65.77,51.09,58,210,0,47.78,0
CUST_0249,22,Female,Suburban,58,53.53,68.38,124,94,3,59.06,0
CUST_0250,69,Male,Suburban,38,51.65,49.23,71,222,1,53.17,1
CUST_0251,51,Male,Suburban,53,63.18,39.8,97,8,0,39.97,0
CUST_0252,23,Male,Suburban,31,44.49,30.82,74,52,1,34.34,0
CUST_0253,39,Male,Rural,36,68.28,58.65,69,76,0,58.68,0
CUST_0254,28,Male,Rural,19,31.03,24.79,38,205,0,25.45,0
CUST_0255,65,Male,Rural,48,78.24,77.19,114,315,0,66.02,1
CUST_0256,33,Male,Rural,45,38.98,11.95,80,301,1,16.49,1
CUST_0257,50,Female,Rural,36,16.08,17.95,71,309,2,12.51,1
CUST_0258,26,Female,Suburban,30,43.43,32.88,62,329,3,28.72,1
CUST_0259,23,Female,Suburban,55,41.16,55.07,101,111,2,52.43,0
CUST_0260,33,Female,Suburban,49,43.28,40.58,93,350,0,30.29,1
CUST_0261,46,Female,Suburban,55,54.63,64.06,93,164,1,61.15,0
CUST_0262,20,Male,Rural,33,71.96,83.06,77,278,1,79.8,1
CUST_0263,37,Male,Rural,18,46.17,57,37,26,0,55.11,0
CUST_0264,53,Female,Rural,52,36.17,30.51,112,69,1,22,0
CUST_0265,36,Male,Urban,49,27.47,21.68,100,217,0,26.32,0
CUST_0266,43,Female,Suburban,59,40.64,38.39,101,364,1,40.38,1
CUST_0267,20,Female,Suburban,28,12.24,18.6,58,188,0,14.28,0
CUST_0268,36,Male,Rural,59,35.5,30.39,131,332,0,27.48,1
CUST_0269,37,Male,Suburban,47,74.88,73.69,87,305,3,77.88,1
CUST_0270,49,Male,Suburban,11,33.53,36.27,31,123,0,34.98,0
CUST_0271,24,Female,Rural,57,62.57,53.52,119,18,2,47.32,0
CUST_0272,69,Male,Urban,54,25.47,15.79,116,256,0,15.37,1
CUST_0273,58,Female,Urban,45,85.42,83.84,84,295,0,78.4,1
CUST_0274,50,Female,Urban,33,86.75,86.49,62,21,1,82.95,0
CUST_0275,57,Female,Rural,17,61.82,66.16,25,39,1,65.91,0
CUST_0276,56,Male,Suburban,6,89.83,96.55,12,37,0,101.83,0
CUST_0277,35,Male,Rural,4,57.12,46.13,9,47,1,56.25,0
CUST_0278,57,Female,Rural,20,65.37,57.25,42,182,0,64.06,0
CUST_0279,18,Male,Suburban,48,75.24,65.53,103,74,0,65.17,0
CUST_0280,28,Male,Urban,47,53.59,67.71,97,208,0,79,0
CUST_0281,45,Male,Urban,27,18.95,17.75,55,182,0,20.54,0
CUST_0282,42,Female,Rural,15,65.78,65.94,33,106,0,61.04,0
CUST_0283,67,Female,Urban,6,40.56,41.14,8,187,2,41.61,1
CUST_0284,40,Male,Rural,47,42.05,34.89,115,263,0,31.61,1
CUST_0285,48,Female,Rural,14,55.96,71.6,21,85,0,65.36,0
CUST_0286,47,Male,Suburban,11,61.33,65.44,15,323,0,59.57,1
CUST_0287,59,Male,Suburban,39,53,53.4,71,330,1,52.66,1
CUST_0288,52,Male,Suburban,9,62.71,51.66,21,136,0,55.43,0
CUST_0289,24,Male,Rural,26,35.86,24.24,63,345,2,29.58,1
CUST_0290,33,Female,Suburban,16,49.15,46.06,28,335,0,39.84,1
CUST_0291,43,Female,Urban,5,66.98,59.98,8,94,2,58.46,0
CUST_0292,65,Female,Urban,57,85.46,74.79,118,325,0,77.22,1
CUST_0293,69,Male,Rural,52,92.53,88.82,104,244,1,89.58,1
CUST_0294,66,Male,Rural,10,58.66,56.5,18,89,2,59.97,0
CUST_0295,19,Male,Suburban,50,66.8,68.22,95,58,0,66.05,0
CUST_0296,18,Female,Rural,3,89.63,84.59,7,27,1,90.95,0
CUST_0297,65,Male,Rural,13,36.58,26.5,25,71,0,26.48,0
CUST_0298,29,Female,Urban,43,62.59,52.86,108,269,1,56.65,1
CUST_0299,22,Female,Urban,49,65.37,77.5,107,23,1,75.6,0
CUST_0300,54,Female,Suburban,30,78.96,66.44,53,111,1,66.73,0
CUST_0301,49,Female,Rural,54,27.26,30.89,84,299,2,22.91,1
CUST_0302,26,Female,Rural,45,31.21,36.41,81,55,1,32.23,0
CUST_0303,58,Female,Urban,6,50.43,49.22,13,222,2,48.18,1
CUST_0304,52,Male,Rural,17,57.55,75.23,40,119,0,75.73,0
CUST_0305,36,Male,Urban,59,72.46,77.48,106,178,1,90.89,0
CUST_0306,65,Female,Suburban,45,60.35,78.78,89,287,2,76.87,1
CUST_0307,33,Female,Urban,51,46.97,40.46,116,280,0,33.58,1
CUST_0308,20,Male,Rural,53,58.33,51.99,128,188,2,60.5,1
CUST_0309,37,Female,Suburban,19,56.02,61.3,40,65,0,66.69,0
CUST_0310,41,Female,Urban,42,84.9,82.29,85,297,1,76.51,1
CUST_0311,50,Male,Urban,35,53.31,70.17,61,248,0,72.5,1
CUST_0312,41,Female,Suburban,46,42.34,45.76,91,75,0,49.94,0
CUST_0313,69,Female,Suburban,26,58.99,48.54,59,136,0,49.36,0
CUST_0314,28,Female,Urban,51,53.97,36.6,104,163,2,38.23,1
CUST_0315,66,Male,Rural,5,18.58,17.8,10,232,0,14.64,1
CUST_0316,25,Male,Urban,29,49.69,48.8,56,254,1,51.32,1
CUST_0317,53,Male,Suburban,37,47.99,51.13,80,293,0,48.67,1
CUST_0318,55,Female,Urban,20,39.12,51.23,41,169,3,38,1
CUST_0319,57,Female,Suburban,49,70.71,81.5,90,316,1,82.48,1
CUST_0320,37,Male,Suburban,21,34.29,28.5,33,173,1,20.12,0
CUST_0321,52,Female,Rural,10,59.11,46.17,16,344,4,51.24,1
CUST_0322,65,Female,Suburban,5,47.04,34.7,3,17,0,29.05,0
CUST_0323,42,Female,Suburban,36,52.15,44.78,59,69,1,32.51,0
CUST_0324,52,Female,Rural,6,58.24,54.57,11,337,2,45.72,1
CUST_0325,42,Female,Suburban,26,23.85,26.9,43,115,0,26.69,0
CUST_0326,46,Male,Rural,4,53.83,45.82,3,79,2,46.75,0
CUST_0327,35,Female,Rural,39,95.78,98.58,83,14,2,91.52,0
CUST_0328,63,Male,Suburban,39,18.86,22.48,72,175,4,17.12,1
CUST_0329,35,Female,Suburban,50,48.85,50.28,112,268,0,50.24,1
CUST_0330,19,Male,Urban,35,72.46,61.17,69,118,0,66.03,0
CUST_0331,52,Female,Rural,1,56.03,60.71,1,298,0,54.66,1
CUST_0332,33,Male,Urban,24,63.76,84.57,49,187,1,86.47,1
CUST_0333,58,Female,Suburban,57,5,7.46,112,56,0,0,0
CUST_0334,53,Male,Urban,36,61.96,32.43,92,198,1,34.01,1
CUST_0335,50,Female,Rural,6,34.77,47.18,13,16,1,50.96,0
CUST_0336,21,Male,Urban,41,56.2,49.17,94,287,1,51.79,1
CUST_0337,50,Female,Rural,54,49.41,72.07,103,54,0,77.04,0
CUST_0338,31,Male,Suburban,46,95.57,96.73,101,268,2,101.37,1
CUST_0339,38,Male,Suburban,44,60.93,44.08,82,302,0,53.31,1
CUST_0340,65,Female,Rural,57,47.75,27.1,128,86,0,27.64,0
CUST_0341,37,Female,Suburban,31,19.81,35.21,75,317,0,44.46,1
CUST_0342,25,Male,Suburban,20,52.42,63.48,29,28,0,58.76,0
CUST_0343,24,Female,Suburban,24,66.46,88.72,52,21,2,87.69,0
CUST_0344,20,Male,Suburban,25,48.39,48.5,38,320,0,47.92,1
CUST_0345,34,Male,Rural,36,39.89,39.32,68,284,0,34.11,1
CUST_0346,50,Male,Urban,21,38.55,34.72,47,47,1,22.92,0
CUST_0347,65,Female,Urban,30,60.7,54.12,53,4,0,58.47,0
CUST_0348,29,Male,Suburban,24,65.19,61.27,41,249,1,56.62,1
CUST_0349,68,Male,Urban,44,77.22,79.39,73,162,1,77.39,0
CUST_0350,39,Female,Urban,42,30.1,21.66,82,201,3,29.58,1
CUST_0351,39,Female,Suburban,30,60.52,43.83,50,100,3,46.69,0
CUST_0352,63,Female,Suburban,22,47.57,49.17,47,70,1,57.87,0
CUST_0353,47,Female,Urban,28,48.16,39.5,63,162,2,40.1,1
CUST_0354,55,Male,Rural,7,58.04,25.65,12,172,0,28.43,0
CUST_0355,55,Male,Suburban,35,58.15,63.68,54,140,1,62.48,0
CUST_0356,62,Male,Rural,55,60.58,49.5,118,137,0,45.26,0
CUST_0357,68,Male,Urban,28,28.85,35.47,46,65,0,38.23,0
CUST_0358,25,Female,Suburban,14,35,41.38,25,197,0,39.2,0
CUST_0359,44,Male,Rural,56,79.72,82.56,116,327,1,85.78,1
CUST_0360,44,Male,Suburban,10,45.59,70.56,18,227,1,67.71,1
CUST_0361,51,Female,Urban,16,56.12,54.74,40,280,2,53.86,1
CUST_0362,38,Male,Rural,16,71.09,68.23,36,171,0,67.75,0
CUST_0363,47,Male,Urban,54,59.27,66.11,125,315,1,71.49,1
CUST_0364,50,Male,Urban,31,60.93,60.38,65,39,0,58.26,0
CUST_0365,45,Male,Suburban,42,67.89,79.49,88,6,3,85.42,0
CUST_0366,64,Male,Rural,25,7.67,0,49,173,1,0,0
CUST_0367,50,Male,Urban,13,40.2,27.68,20,150,3,29.03,1
CUST_0368,22,Female,Urban,6,59.37,67.03,8,210,1,63.59,1
CUST_0369,65,Female,Rural,44,77.75,66.1,93,301,0,71.68,1
CUST_0370,36,Male,Urban,9,51.32,57.41,27,85,1,53.32,0
CUST_0371,21,Male,Urban,45,33.11,36.81,88,252,3,33.23,1
CUST_0372,52,Female,Rural,36,33.64,26.7,64,20,2,20.42,0
CUST_0373,66,Male,Rural,56,67.68,71.35,120,256,1,71.87,1
CUST_0374,34,Male,Rural,43,45.64,33.29,99,32,2,36.25,0
CUST_0375,61,Male,Rural,20,49.86,39.86,33,259,0,42.28,1
CUST_0376,45,Female,Suburban,18,62.3,59.93,35,233,0,59.21,1
CUST_0377,47,Male,Rural,58,5,5.79,118,2,2,2.49,0
CUST_0378,46,Female,Suburban,43,90.01,86.97,93,346,1,85.58,1
CUST_0379,63,Male,Suburban,57,35.38,39.71,115,307,2,38.51,1
CUST_0380,23,Female,Suburban,21,54.84,58.72,46,226,1,59.98,1
CUST_0381,52,Female,Urban,4,15.91,31.2,8,283,3,32.12,1
CUST_0382,58,Male,Suburban,50,41.55,40.6,103,69,1,49.3,0
CUST_0383,54,Female,Suburban,33,74.89,86.84,69,312,2,87.04,1
CUST_0384,41,Male,Urban,27,11.68,20.89,47,363,0,22.69,1
CUST_0385,46,Female,Urban,7,72.52,95.46,18,253,2,95.82,1
CUST_0386,66,Male,Urban,6,44.53,43.26,11,143,1,41.63,0
CUST_0387,63,Male,Rural,15,59.74,55.54,40,23,0,57.31,0
CUST_0388,48,Female,Urban,18,63.15,75.73,30,233,0,73.63,1
CUST_0389,52,Male,Urban,32,58.83,62.68,46,332,2,62.39,1
CUST_0390,50,Male,Suburban,56,32.7,45.52,132,174,1,51.32,0
CUST_0391,69,Female,Urban,11,42.71,49.88,20,331,0,47.45,1
CUST_0392,38,Male,Rural,20,20.77,0,48,324,0,1.94,1
CUST_0393,49,Male,Urban,24,59.84,63.6,51,356,2,51.19,1
CUST_0394,40,Female,Rural,15,84.04,87.15,29,158,2,86.22,1
CUST_0395,50,Female,Urban,48,13.51,14.84,90,347,2,12.38,1
CUST_0396,20,Male,Urban,7,34.77,33.45,26,347,0,34.05,1
CUST_0397,35,Male,Urban,21,46.36,30.44,40,285,2,29.26,1
CUST_0398,42,Female,Urban,42,53.47,62.21,84,17,1,62.92,0
CUST_0399,59,Female,Rural,26,67.58,71.32,50,43,2,69.43,0
CUST_0400,48,Male,Rural,44,46.96,57.98,97,154,1,59.91,0
CUST_0401,20,Female,Suburban,56,43.68,28.29,116,354,0,19.72,1
CUST_0402,57,Male,Rural,14,72.06,77.13,26,230,0,77.69,1
CUST_0403,63,Male,Urban,57,63.24,60.89,120,315,0,56.2,1
CUST_0404,41,Male,Suburban,37,60.78,62.22,85,224,1,68.06,1
CUST_0405,67,Male,Suburban,58,52.25,50.02,124,216,1,45.25,1
CUST_0406,49,Male,Suburban,21,69.66,75.1,33,55,2,80.08,0
CUST_0407,64,Female,Urban,18,36.87,35.24,45,30,1,35.18,0
CUST_0408,39,Female,Rural,5,34.15,23.63,6,356,1,14.49,1
CUST_0409,40,Female,Urban,3,64.92,65.78,3,58,1,61.4,0
CUST_0410,19,Female,Suburban,23,17.5,15.36,34,352,1,19.6,1
CUST_0411,44,Male,Urban,26,51.84,51.01,56,234,3,54.97,1
CUST_0412,59,Male,Urban,37,43.67,11.79,66,106,0,5.29,0
CUST_0413,19,Male,Rural,24,21.88,28.71,42,190,2,36.52,1
CUST_0414,43,Male,Rural,49,31.37,28.22,127,17,0,28.1,0
CUST_0415,34,Female,Suburban,19,47.82,34.34,50,225,2,38.76,1
CUST_0416,57,Male,Urban,51,70.68,79.91,104,166,3,73.85,1
CUST_0417,50,Male,Urban,25,36.94,43.3,70,70,1,41.02,0
CUST_0418,26,Female,Rural,21,74.27,71,43,361,1,73.08,1
CUST_0419,60,Female,Urban,12,51.26,39.74,20,53,1,38.17,0
CUST_0420,65,Female,Urban,57,76.21,77.99,117,244,1,63.39,1
CUST_0421,56,Female,Urban,41,37.91,39.14,88,349,1,38.19,1
CUST_0422,46,Male,Rural,33,49.02,58.26,70,75,3,48.44,0
CUST_0423,59,Male,Suburban,50,57.37,52.93,108,34,0,47.58,0
CUST_0424,43,Female,Suburban,53,46.41,58.36,100,266,4,51.35,1
CUST_0425,52,Male,Urban,4,69.06,63.66,9,316,1,69.32,1
CUST_0426,67,Male,Suburban,42,5.85,0,71,299,3,7.23,1
CUST_0427,42,Male,Rural,57,98.45,87.13,134,120,1,88.84,0
CUST_0428,41,Female,Rural,7,67.16,66.54,14,323,0,65.39,1
CUST_0429,30,Male,Suburban,22,46.53,45.87,51,24,2,46.01,0
CUST_0430,24,Female,Suburban,55,38.95,42.23,103,159,2,47.89,1
CUST_0431,53,Male,Urban,33,32.67,31.77,73,83,2,21.85,0
CUST_0432,62,Male,Suburban,17,62.91,72.68,33,113,0,67.3,0
CUST_0433,37,Male,Urban,24,69.9,67.29,52,222,0,72.31,1
CUST_0434,18,Female,Urban,34,46.75,26.79,62,165,0,32.85,0
CUST_0435,25,Male,Rural,28,72.14,70.93,62,190,0,73.88,0
CUST_0436,63,Female,Rural,58,31.85,11.78,112,174,2,6.56,1
CUST_0437,33,Female,Rural,43,28.32,31.03,64,0,1,35.98,0
CUST_0438,31,Female,Rural,41,86.27,96.84,81,228,2,103.65,1
CUST_0439,29,Male,Suburban,39,61.82,51.96,77,85,0,55.55,0
CUST_0440,68,Male,Rural,22,77.94,92.13,46,61,1,79.66,0
CUST_0441,40,Male,Suburban,49,32.92,41.35,88,319,1,41.97,1
CUST_0442,32,Male,Rural,17,31.53,43.59,32,205,1,46.52,1
CUST_0443,45,Female,Suburban,34,42.83,44.73,69,104,1,42.15,0
CUST_0444,51,Female,Urban,6,33.52,23.59,15,317,4,24.52,1
CUST_0445,19,Female,Suburban,46,64.11,71.92,101,290,2,69.35,1
CUST_0446,49,Male,Suburban,6,34.98,28.73,5,249,2,24.42,1
CUST_0447,40,Female,Rural,34,26.57,27.75,70,12,0,35.3,0
CUST_0448,39,Male,Suburban,1,52.84,51.13,5,162,2,52.21,1
CUST_0449,68,Female,Urban,10,24.2,35.45,15,42,1,29.92,0
CUST_0450,42,Male,Urban,21,14.01,21.31,36,110,2,14.43,0
CUST_0451,39,Male,Rural,5,52.67,51.86,14,204,0,47.56,0
CUST_0452,39,Female,Urban,2,15.02,0,2,255,0,0,1
CUST_0453,66,Female,Suburban,22,65.51,59.16,41,306,1,59.89,1
CUST_0454,69,Female,Urban,48,22.09,29.13,86,143,1,31.56,0
CUST_0455,59,Female,Rural,57,5.19,7.99,107,145,2,10.41,0
CUST_0456,23,Male,Suburban,2,44.12,29.09,2,300,2,25.34,1
CUST_0457,32,Female,Rural,10,52.89,34.82,20,163,0,39.42,0
CUST_0458,60,Female,Suburban,34,59.83,61.79,82,168,1,67.93,0
CUST_0459,54,Female,Urban,16,53.44,42.87,31,297,0,41.57,1
CUST_0460,50,Male,Rural,48,28.81,19.2,101,232,0,14.04,1
CUST_0461,25,Male,Rural,51,64.26,70.99,113,270,1,71.49,1
CUST_0462,61,Female,Suburban,39,69.2,81.22,69,59,1,92.02,0
CUST_0463,61,Male,Rural,22,25.88,18.37,39,295,0,13.08,1
CUST_0464,22,Female,Suburban,12,46.38,45.93,20,234,1,43.3,1
CUST_0465,56,Male,Suburban,24,44.51,43.77,39,164,1,44.06,0
CUST_0466,21,Male,Suburban,47,54.41,52.77,101,193,0,55.48,0
CUST_0467,23,Male,Suburban,40,45.9,46.31,55,233,0,36.38,1
CUST_0468,62,Male,Urban,38,48.64,56.2,90,182,1,62.73,0
CUST_0469,49,Female,Suburban,59,62.84,56.1,116,332,2,62.56,1
CUST_0470,69,Female,Rural,10,27.72,12.47,23,231,1,10.35,1
CUST_0471,47,Female,Urban,35,64.75,81.65,62,360,1,95.18,1
CUST_0472,64,Male,Rural,51,72.82,83.71,98,106,0,89.85,0
CUST_0473,52,Female,Urban,49,82.68,71.64,111,222,0,77.51,1
CUST_0474,57,Female,Suburban,32,7.13,8.49,70,79,0,14.43,0
CUST_0475,69,Female,Urban,7,46.34,56.45,15,233,0,62.24,1
CUST_0476,33,Male,Urban,21,10.7,18.19,36,183,1,18.08,1
CUST_0477,30,Male,Rural,20,5,9.62,34,184,1,9.02,1
CUST_0478,67,Male,Rural,26,52.88,51.18,55,133,0,46.46,0
CUST_0479,59,Female,Suburban,4,42.02,59.29,9,219,3,56.4,1
CUST_0480,47,Female,Urban,46,56,58.21,97,287,2,56.66,1
CUST_0481,36,Female,Urban,52,59.72,54.57,111,363,2,54.9,1
CUST_0482,34,Male,Urban,22,74.96,83.67,48,201,1,91.66,1
CUST_0483,36,Male,Suburban,15,51.08,52.04,33,145,1,41.53,0
CUST_0484,45,Female,Suburban,56,108.47,111.97,131,323,2,118.69,1
CUST_0485,43,Male,Suburban,40,56.13,58.16,86,126,0,53.1,0
CUST_0486,54,Male,Suburban,21,86.85,91.82,29,134,2,91.3,0
CUST_0487,43,Male,Suburban,15,5,0,25,113,0,0,0
CUST_0488,40,Male,Rural,22,76.99,62.48,47,263,2,71.75,1
CUST_0489,26,Female,Urban,52,46.38,60.72,103,63,2,58.22,0
CUST_0490,29,Male,Urban,28,11.03,13.53,53,134,1,16.14,0
CUST_0491,18,Male,Urban,14,58.41,66.12,35,40,2,68.99,0
CUST_0492,18,Male,Urban,27,43.94,26.34,64,295,1,20.54,1
CUST_0493,64,Male,Urban,41,61.6,72.27,77,2,2,71.79,0
CUST_0494,51,Female,Urban,40,70.22,65.01,80,193,1,71.03,1
CUST_0495,49,Female,Urban,58,20.22,12.16,100,109,0,7.79,0
CUST_0496,65,Male,Urban,28,70.3,69.67,50,220,0,73.81,1
CUST_0497,42,Male,Rural,26,50.13,40.35,49,3,0,38.69,0
CUST_0498,57,Male,Urban,49,77.06,77.04,91,243,1,82.86,1
CUST_0499,62,Male,Rural,2,45.9,44.54,3,165,0,53.28,0
CUST_0500,18,Male,Suburban,25,40.59,51.19,53,25,1,41.15,0
CUST_0501,33,Male,Urban,56,50.54,65.67,130,16,1,58.98,0
CUST_0502,56,Female,Suburban,3,52.04,66.86,2,215,0,64.67,0
CUST_0503,22,Male,Suburban,8,36.74,14.09,22,91,1,21.42,0
CUST_0504,39,Female,Suburban,44,40.07,30.72,81,30,2,33.38,0
CUST_0505,46,Female,Rural,33,25.46,2.71,81,204,0,0,0
CUST_0506,20,Male,Suburban,42,41.31,29.37,79,206,1,32.76,1
CUST_0507,29,Female,Suburban,52,63.53,57.03,109,106,0,52.46,0
CUST_0508,43,Female,Suburban,35,47.25,51.36,75,145,2,55.71,0
CUST_0509,33,Female,Urban,6,70.18,64.98,18,100,2,67.67,0
CUST_0510,68,Female,Urban,39,46.29,41.37,72,317,2,36.78,1
CUST_0511,54,Female,Rural,52,21.37,23.19,106,240,1,22.86,1
CUST_0512,39,Female,Rural,23,61.95,44.86,52,246,0,50.98,1
CUST_0513,46,Male,Urban,25,36.53,28.14,48,162,1,18.68,0
CUST_0514,31,Female,Rural,59,45.33,40.29,114,172,0,41.8,0
CUST_0515,45,Female,Urban,50,74.75,72.73,81,34,0,67.2,0
CUST_0516,22,Female,Suburban,43,26.78,27.55,86,283,2,27.47,1
CUST_0517,64,Male,Suburban,19,53.29,68.3,36,358,1,70.59,1
CUST_0518,66,Female,Rural,5,49.19,58.27,6,357,0,68.34,1
CUST_0519,47,Male,Urban,51,64.02,56.33,100,20,2,56.2,0
CUST_0520,63,Female,Urban,11,67.1,64.49,24,307,0,71.82,1
CUST_0521,69,Male,Rural,56,55.28,51.99,103,162,3,47.79,1
CUST_0522,22,Male,Urban,12,42.79,37.65,24,96,4,35.17,1
CUST_0523,29,Female,Suburban,10,59.47,62.2,15,306,3,65.14,1
CUST_0524,33,Female,Rural,8,76.71,58.11,13,338,1,59.12,1
CUST_0525,43,Male,Rural,24,49.45,58.26,38,54,2,56.62,0
CUST_0526,43,Female,Urban,28,44.65,61.59,66,332,1,59.81,1
CUST_0527,65,Male,Rural,41,57.76,55.06,82,126,2,61.73,0
CUST_0528,38,Male,Urban,36,50.77,47.88,71,192,1,46.44,1
CUST_0529,56,Male,Urban,37,23.25,24.82,70,242,0,19.72,1
CUST_0530,53,Male,Urban,21,54.79,64.98,55,348,1,60.71,1
CUST_0531,50,Male,Urban,8,23.06,19.82,18,87,0,23.17,0
CUST_0532,47,Female,Urban,55,57.49,66.83,119,335,0,78.11,1
CUST_0533,54,Male,Rural,9,34.06,38.94,19,214,0,36.32,0
CUST_0534,40,Male,Suburban,47,50.74,74.36,95,91,2,85.1,0
CUST_0535,27,Female,Suburban,15,57.81,54.52,30,302,1,54.47,1
CUST_0536,22,Male,Rural,48,99.08,79.32,93,234,0,77.92,1
CUST_0537,53,Female,Rural,46,64.85,50.52,80,183,2,45.97,1
CUST_0538,51,Female,Suburban,40,77.3,77.42,81,37,1,76.43,0
CUST_0539,69,Female,Suburban,18,87.43,97.71,32,138,2,93.93,0
CUST_0540,48,Male,Suburban,42,59.79,53.26,78,194,0,49.08,0
CUST_0541,27,Male,Suburban,20,55.71,53.4,44,14,1,45.14,0
CUST_0542,36,Male,Suburban,6,28.67,35.52,8,256,2,44.35,1
CUST_0543,49,Female,Urban,12,47.67,38.02,24,134,2,43.34,0
CUST_0544,18,Male,Rural,2,35.54,29.43,7,0,1,30.79,0
CUST_0545,22,Female,Urban,7,41.98,30.3,10,48,1,29.58,0
CUST_0546,62,Male,Suburban,16,87.41,99.19,29,95,1,99.16,0
CUST_0547,21,Female,Suburban,3,52.29,67.71,6,200,1,63.83,1
CUST_0548,33,Male,Suburban,45,32.48,16.69,85,25,0,11.02,0
CUST_0549,41,Male,Urban,3,77.49,76.07,6,342,2,79.66,1
CUST_0550,33,Male,Urban,27,69.11,83.18,44,234,2,81.87,1
CUST_0551,19,Female,Suburban,50,70.15,74.14,105,348,1,75.77,1
CUST_0552,66,Female,Urban,43,9.88,4.99,91,243,2,0,1
CUST_0553,45,Male,Urban,40,88.97,73.51,92,357,1,71.93,1
CUST_0554,49,Male,Suburban,38,38.83,50.36,81,326,1,44.59,1
CUST_0555,44,Female,Urban,33,65.56,69.17,73,350,1,71.59,1
CUST_0556,37,Female,Rural,28,100.48,85.75,55,50,1,90.73,0
CUST_0557,41,Female,Rural,1,93.11,105.01,2,80,1,112.31,0
CUST_0558,29,Male,Rural,55,30.45,14.45,111,35,1,11.31,0
CUST_0559,67,Female,Rural,8,21.11,18.91,13,66,0,13.27,0
CUST_0560,52,Male,Suburban,37,78.61,75.96,77,128,2,73.87,0
CUST_0561,50,Female,Suburban,32,52.84,69.02,67,154,0,65.52,0
CUST_0562,50,Male,Suburban,48,39.98,37.37,99,244,2,39.53,1
CUST_0563,68,Female,Rural,43,62.42,59.77,87,110,1,52.76,0
CUST_0564,60,Female,Rural,37,46.74,33.11,76,167,2,24.34,1
CUST_0565,54,Female,Urban,4,64.03,57.63,6,141,2,55.9,0
CUST_0566,29,Female,Urban,30,51.34,43.17,54,355,2,46.8,1
CUST_0567,20,Female,Rural,6,64.45,56.8,11,196,0,51.66,0
CUST_0568,18,Male,Rural,46,32.11,32.17,99,108,0,36.42,0
CUST_0569,50,Female,Rural,54,78.49,54.15,95,78,3,55.98,0
CUST_0570,57,Female,Rural,19,63.95,48.85,39,160,3,56.58,1
CUST_0571,27,Female,Urban,32,62.93,61.82,63,18,0,57.81,0
CUST_0572,60,Male,Rural,9,27.65,28.86,17,126,2,20.83,0
CUST_0573,61,Female,Urban,12,83.99,81.66,29,204,1,84.65,1
CUST_0574,46,Male,Rural,11,49.73,49.32,22,28,2,50.72,0
CUST_0575,30,Female,Rural,46,64.56,60.47,90,206,1,61.48,1
CUST_0576,29,Female,Rural,55,43.54,43.35,118,279,0,38.11,1
CUST_0577,48,Male,Urban,16,55.22,59.56,27,150,1,63.44,0
CUST_0578,63,Female,Urban,1,55.94,60.21,0,239,0,57.04,1
CUST_0579,19,Male,Suburban,45,5,0,85,265,0,1.01,1
CUST_0580,68,Male,Rural,55,61.65,70.8,119,181,0,68.5,0
CUST_0581,67,Female,Suburban,53,89.31,90.88,116,104,0,92.65,0
CUST_0582,52,Male,Suburban,21,60.8,73.12,51,235,0,67.14,1
CUST_0583,40,Female,Urban,30,30.85,45.18,56,172,1,47.68,0
CUST_0584,34,Female,Urban,13,63,48.57,18,157,1,51.86,0
CUST_0585,43,Male,Suburban,34,71.19,62.6,65,171,0,63.18,0
CUST_0586,25,Male,Rural,4,60.25,68.39,7,310,0,76.61,1
CUST_0587,46,Male,Urban,28,48.52,31.87,53,156,3,32.91,1
CUST_0588,43,Male,Rural,38,45.16,59.36,88,257,1,63.95,1
CUST_0589,27,Female,Rural,58,45.07,41.63,123,163,0,42.09,0
CUST_0590,43,Female,Suburban,31,63.96,69.71,66,146,1,73.86,0
CUST_0591,51,Male,Suburban,59,21.86,20.7,122,153,1,13.03,0
CUST_0592,68,Female,Suburban,55,42.56,28.64,103,37,2,28.8,0
CUST_0593,58,Female,Suburban,27,81.91,92.47,37,130,0,86.84,0
CUST_0594,24,Female,Urban,5,82.68,110.19,11,357,0,110.89,1
CUST_0595,21,Female,Urban,25,20.44,15.29,55,254,1,17.21,1
CUST_0596,67,Male,Suburban,3,27.37,24.15,12,207,2,28.19,1
CUST_0597,62,Male,Urban,33,44.59,18.1,65,94,2,20.55,0
CUST_0598,28,Female,Suburban,4,67.85,81.37,12,347,0,79.69,1
CUST_0599,46,Male,Rural,25,13.45,22.57,50,326,1,18.8,1
CUST_0600,53,Male,Rural,20,48.9,31.57,33,170,1,19.86,0
CUST_0601,42,Male,Rural,34,40.52,19.87,52,249,1,20.21,1
CUST_0602,38,Female,Suburban,26,76.52,57.03,46,189,1,62.72,1
CUST_0603,53,Female,Rural,5,16.46,22.91,9,198,0,23.45,0
CUST_0604,27,Female,Urban,35,51.85,59.3,68,220,0,58.88,1
CUST_0605,54,Male,Rural,28,42.13,32.9,56,23,2,33.62,0
CUST_0606,26,Female,Rural,29,79.4,84.39,67,243,1,82.45,1
CUST_0607,41,Female,Rural,9,61.95,63.54,20,323,0,64.51,1
CUST_0608,52,Male,Urban,52,38.28,34.61,106,127,2,32.59,0
CUST_0609,66,Female,Suburban,38,67.07,76.77,72,92,1,72.28,0
CUST_0610,52,Female,Urban,50,42.22,30.17,91,299,1,29.79,1
CUST_0611,65,Male,Suburban,6,69.99,81.47,16,132,1,80.98,0
CUST_0612,53,Male,Suburban,19,45.26,37.97,43,54,0,47.35,0
CUST_0613,35,Male,Rural,44,71.09,88.91,89,157,2,84.88,1
CUST_0614,66,Female,Suburban,57,58.72,48.67,118,28,1,47.87,0
CUST_0615,56,Female,Urban,11,115.21,111.69,29,210,1,110.41,1
CUST_0616,49,Female,Urban,2,48.94,49.53,3,153,0,47.29,0
CUST_0617,41,Male,Suburban,47,57.66,58.18,86,292,0,60.75,1
CUST_0618,40,Male,Rural,44,40.41,45.32,83,221,2,56.51,1
CUST_0619,49,Female,Rural,44,50.05,37.19,105,114,0,35.59,0
CUST_0620,54,Female,Urban,9,5,4.63,18,157,1,7.21,0
CUST_0621,29,Male,Rural,21,59.31,60.69,46,258,1,51.13,1
CUST_0622,66,Male,Suburban,24,76.86,71.58,45,250,0,69.61,1
CUST_0623,30,Male,Suburban,34,57.93,61.97,72,121,1,69.75,0
CUST_0624,40,Male,Urban,22,23.72,10.26,49,298,0,9.99,1
CUST_0625,42,Female,Suburban,3,33.96,30.7,4,262,0,33.21,1
CUST_0626,52,Male,Urban,12,5,0,21,48,1,0,0
CUST_0627,58,Female,Suburban,28,69.58,66.35,66,328,1,67.64,1
CUST_0628,47,Female,Urban,30,29.87,44.34,62,296,1,52.5,1
CUST_0629,34,Female,Rural,26,49.43,64.09,56,361,2,58.29,1
CUST_0630,66,Male,Suburban,48,46.93,59.63,106,76,0,70.56,0
CUST_0631,37,Male,Suburban,21,79.75,75.13,45,126,0,67.4,0
CUST_0632,65,Male,Urban,28,51.71,60.79,62,196,1,58.36,1
CUST_0633,42,Male,Urban,56,66.18,67.3,110,220,0,63.12,1
CUST_0634,39,Female,Suburban,26,60.93,61.39,60,90,4,60.03,1
CUST_0635,30,Male,Urban,33,77.19,76.42,63,7,0,72.18,0
CUST_0636,36,Male,Suburban,21,45.22,62.8,42,31,0,58.18,0
CUST_0637,66,Female,Rural,35,87.39,101.05,70,319,1,95.12,1
CUST_0638,53,Male,Urban,52,10.29,17.74,99,268,1,20.96,1
CUST_0639,29,Female,Suburban,34,67.15,65.45,63,190,0,64.26,0
CUST_0640,58,Female,Rural,41,32.67,33.07,78,348,1,30.57,1
CUST_0641,36,Female,Rural,51,40.15,45.46,108,162,0,46.87,0
CUST_0642,29,Female,Suburban,47,61.39,56.17,93,60,1,48.7,0
CUST_0643,26,Female,Urban,18,61.23,70.61,46,263,0,72.14,1
CUST_0644,24,Female,Suburban,58,62.13,52.92,114,284,0,52.45,1
CUST_0645,45,Female,Rural,11,22.28,26.2,32,94,3,25.88,0
CUST_0646,31,Female,Suburban,57,78.98,56.08,115,40,0,58.68,0
CUST_0647,48,Male,Urban,23,31.99,26.48,41,148,2,34.7,1
CUST_0648,69,Male,Rural,48,34.65,55.43,111,203,0,57.04,0
CUST_0649,36,Male,Suburban,22,62.76,73.12,37,266,2,72.12,1
CUST_0650,64,Male,Urban,17,44.27,59.62,36,1,0,53.71,0
CUST_0651,33,Female,Rural,5,56.17,49.5,12,177,0,37.55,0
CUST_0652,22,Male,Urban,44,6.87,7.91,92,193,0,8.55,0
CUST_0653,52,Female,Rural,11,55.69,68.51,21,335,2,62.21,1
CUST_0654,29,Male,Suburban,30,54.36,60.69,55,195,0,47.99,0
CUST_0655,42,Male,Urban,15,39.8,44.89,32,342,0,43.14,1
CUST_0656,69,Male,Rural,27,8.52,24.83,49,248,0,26.03,1
CUST_0657,38,Female,Urban,35,45.74,35.34,66,211,0,39.06,0
CUST_0658,53,Male,Urban,33,49.25,47.41,64,152,1,52.72,0
CUST_0659,40,Female,Suburban,20,42.66,25.12,41,157,0,29.5,0
CUST_0660,33,Female,Urban,16,13.28,2.33,44,361,1,6.84,1
CUST_0661,56,Male,Rural,34,81.89,92.63,67,138,2,85.29,0
CUST_0662,62,Male,Rural,2,37.22,28.05,3,220,1,27.3,1
CUST_0663,59,Male,Rural,35,45.56,52.92,72,272,0,55.82,1
CUST_0664,56,Female,Rural,40,5,21.58,66,153,1,21.81,0
CUST_0665,31,Male,Suburban,56,81.9,80.12,104,248,1,79.34,1
CUST_0666,48,Female,Urban,28,40.67,45.87,54,278,2,46.01,1
CUST_0667,22,Female,Suburban,47,51.97,59.4,92,303,2,60.63,1
CUST_0668,52,Male,Urban,39,72.41,60.2,76,275,2,59.82,1
CUST_0669,40,Male,Urban,6,36.47,30.31,12,1,2,26.08,0
CUST_0670,46,Female,Urban,9,69.26,59.22,10,87,0,50.71,0
CUST_0671,60,Female,Suburban,20,8.77,3.4,41,286,1,2.38,1
CUST_0672,28,Female,Urban,1,61.02,68.18,3,129,0,68.47,0
CUST_0673,35,Male,Suburban,8,81.44,75.49,15,77,1,75.72,0
CUST_0674,64,Female,Rural,55,38.39,38.04,103,259,1,42.8,1
CUST_0675,29,Male,Rural,23,72.38,61.96,55,240,0,67.61,1
CUST_0676,26,Female,Urban,3,86.68,98.94,6,140,0,98.42,0
CUST_0677,27,Female,Suburban,4,44.9,39.45,7,227,2,38.97,1
CUST_0678,61,Male,Rural,58,43.25,58.48,106,162,0,61.35,0
CUST_0679,34,Female,Suburban,25,32.03,32.64,57,235,0,34.77,1
CUST_0680,55,Male,Suburban,47,39.81,25.74,88,127,1,23.53,0
CUST_0681,24,Male,Urban,38,33.69,31.98,75,199,1,35.28,1
CUST_0682,63,Female,Rural,15,32.02,21.39,28,30,2,20.66,0
CUST_0683,30,Male,Urban,21,73.98,79.87,40,137,0,79.24,0
CUST_0684,57,Male,Urban,35,34.2,31.59,41,20,2,33.76,0
CUST_0685,59,Female,Rural,57,55.17,56.8,105,233,1,55.29,1
CUST_0686,26,Male,Rural,53,50.76,47.07,118,201,0,47.54,0
CUST_0687,67,Male,Suburban,53,79.96,74.41,99,278,0,75.9,1
CUST_0688,44,Male,Rural,46,39.94,30.2,84,130,3,34.29,1
CUST_0689,19,Female,Suburban,52,57.62,65.98,104,147,1,69.72,0
CUST_0690,22,Male,Suburban,14,65.82,64.09,23,28,1,65.43,0
CUST_0691,46,Female,Suburban,36,79.79,76.64,77,360,0,63.6,1
CUST_0692,54,Female,Rural,12,39.64,37.66,23,307,0,38.88,1
CUST_0693,55,Male,Urban,17,37.64,30.85,38,161,2,32.84,1
CUST_0694,36,Male,Suburban,39,28.76,25.65,80,356,3,28.65,1
CUST_0695,25,Male,Urban,9,94.73,96.79,23,339,0,92.01,1
CUST_0696,65,Female,Urban,35,77.69,67.35,68,60,0,56.74,0
CUST_0697,62,Male,Rural,13,49.16,40.27,28,124,2,44.3,0
CUST_0698,18,Male,Urban,15,88.63,102.41,29,70,2,96.29,0
CUST_0699,39,Male,Urban,18,47.96,44.33,41,325,2,50.44,1
CUST_0700,69,Male,Rural,51,64.49,58.97,106,363,0,56.08,1
CUST_0701,34,Male,Suburban,33,50.2,36.76,64,242,4,31.62,1
CUST_0702,24,Female,Urban,6,57.96,66.47,7,248,1,68.22,1
CUST_0703,42,Female,Rural,59,55.84,45.28,121,220,3,48.36,1
CUST_0704,62,Male,Urban,27,41.5,41.35,74,20,1,44.13,0
CUST_0705,21,Male,Urban,23,71.85,54.77,39,81,1,57.28,0
CUST_0706,53,Male,Suburban,59,64.32,72.5,117,343,1,68.96,1
CUST_0707,23,Male,Urban,27,70.55,82.32,56,9,1,74.69,0
CUST_0708,48,Female,Rural,34,56.4,61.25,69,11,1,59.3,0
CUST_0709,36,Male,Urban,56,31.87,16.53,113,262,1,10.8,1
CUST_0710,61,Female,Suburban,46,84.19,92.58,85,144,2,94.74,0
CUST_0711,56,Female,Suburban,38,44.75,36.48,76,191,1,40.85,1
CUST_0712,44,Male,Rural,14,57.28,45.57,33,249,3,46.43,1
CUST_0713,27,Female,Suburban,36,62.71,58.88,74,113,1,58.88,0
CUST_0714,43,Female,Urban,53,57.15,53.12,104,25,0,51.57,0
CUST_0715,36,Female,Suburban,8,68.31,63.26,17,270,1,68.16,1
CUST_0716,56,Female,Rural,35,71.47,84.21,67,32,0,75.06,0
CUST_0717,20,Male,Suburban,19,45.5,65.62,50,61,1,59.59,0
CUST_0718,62,Male,Suburban,30,82.51,68.82,61,228,1,77.95,1
CUST_0719,30,Female,Suburban,14,44.66,37.77,25,302,1,31.5,1
CUST_0720,67,Male,Rural,59,56.73,58.16,102,94,1,60.82,0
CUST_0721,45,Male,Suburban,20,42.25,38.36,35,34,1,42.04,0
CUST_0722,37,Male,Suburban,49,36.53,40.52,86,192,1,30.89,1
CUST_0723,45,Male,Urban,25,70.88,80.04,52,75,1,71.37,0
CUST_0724,25,Male,Rural,40,112.44,119.93,76,248,1,126.25,1
CUST_0725,58,Female,Suburban,24,42.76,48.86,54,82,1,44,0
CUST_0726,56,Male,Rural,14,74.31,90.9,29,24,2,86.17,0
CUST_0727,18,Male,Suburban,26,43.48,27.59,41,56,0,24.99,0
CUST_0728,20,Male,Suburban,38,49.79,64.59,80,31,0,59.74,0
CUST_0729,30,Male,Suburban,23,85.15,81.02,46,318,0,83.65,1
CUST_0730,45,Female,Urban,22,28.53,36.38,45,11,0,30.47,0
CUST_0731,66,Female,Urban,48,23.24,12.94,99,318,1,3.11,1
CUST_0732,42,Female,Urban,57,48.26,39.18,123,332,1,44.96,1
CUST_0733,50,Female,Rural,19,63.27,69.89,33,91,2,64.23,0
CUST_0734,55,Male,Rural,46,59.27,39.98,92,0,1,36.22,0
CUST_0735,23,Female,Urban,51,57.21,67.1,129,325,0,71.25,1
CUST_0736,61,Male,Rural,3,50.68,63.28,6,135,1,63.63,0
CUST_0737,62,Male,Suburban,42,65.73,67.51,89,195,4,73.07,1
CUST_0738,49,Male,Suburban,19,5,6.42,39,132,1,10.65,0
CUST_0739,62,Male,Suburban,9,34.98,26.64,21,85,0,24.37,0
CUST_0740,64,Male,Urban,28,48.13,54.87,56,294,1,59.98,1
CUST_0741,38,Female,Rural,20,64.09,67.57,47,278,0,68.41,1
CUST_0742,33,Female,Urban,45,79.8,70.58,90,323,1,67.59,1
CUST_0743,38,Female,Rural,7,32.3,28.39,19,179,1,29.84,0
CUST_0744,28,Female,Suburban,14,79.14,77.55,26,3,2,71,0
CUST_0745,54,Male,Urban,9,40.95,37.02,19,125,2,41.19,0
CUST_0746,53,Female,Rural,59,47.4,33.77,118,174,0,37.29,0
CUST_0747,52,Male,Rural,55,61.63,68.62,106,250,0,69.22,1
CUST_0748,36,Female,Suburban,57,45.94,43.5,128,20,1,33.91,0
CUST_0749,37,Male,Urban,19,72.2,72.35,33,104,0,78.12,0
CUST_0750,35,Male,Urban,47,41.91,36.13,100,65,1,38.32,0
CUST_0751,64,Female,Urban,52,42.21,46.96,98,262,1,46.85,1
CUST_0752,58,Male,Suburban,14,71.04,73.03,24,48,1,72.13,0
CUST_0753,66,Male,Urban,56,34.74,46.87,119,15,2,44.19,0
CUST_0754,31,Female,Suburban,38,54.98,59.79,71,144,1,58.07,0
CUST_0755,32,Male,Suburban,53,16.79,14.76,105,339,1,18.61,1
CUST_0756,48,Female,Suburban,36,86.39,78.99,72,249,2,76.41,1
CUST_0757,18,Female,Rural,40,74.13,82.79,52,342,0,81.42,1
CUST_0758,20,Female,Urban,17,105,102.17,24,353,3,101.53,1
CUST_0759,33,Male,Urban,30,76.77,75.05,69,74,1,74.55,0
CUST_0760,40,Male,Suburban,9,27.41,25.69,26,289,3,22.6,1
CUST_0761,28,Male,Suburban,33,63.37,59.35,75,281,0,58.5,1
CUST_0762,29,Female,Urban,56,31.64,30.09,117,65,0,31.81,0
CUST_0763,27,Male,Suburban,52,81.56,100.82,103,124,2,96.3,0
CUST_0764,49,Female,Urban,25,27.98,17.5,56,318,2,16.67,1
CUST_0765,33,Female,Rural,14,27.02,18.87,20,86,0,28.52,0
CUST_0766,25,Male,Suburban,11,17.8,31.64,27,40,1,31.32,0
CUST_0767,55,Female,Urban,53,40.23,36.48,105,185,1,31.83,1
CUST_0768,29,Male,Suburban,35,36.21,31.7,80,353,2,26.46,1
CUST_0769,41,Male,Urban,41,24.77,35.12,89,334,0,28.79,1
CUST_0770,45,Male,Urban,59,89.8,75.6,113,265,1,83.74,1
CUST_0771,25,Male,Suburban,14,60.6,68.81,33,270,1,73.85,1
CUST_0772,45,Male,Rural,30,58.24,58.7,72,41,0,52.25,0
CUST_0773,53,Female,Urban,41,81.78,86.43,86,92,1,87.5,0
CUST_0774,43,Female,Urban,4,55.13,59.59,11,184,1,65.71,1
CUST_0775,25,Female,Urban,59,35.03,28.75,111,214,1,28.55,1
CUST_0776,67,Male,Rural,4,16,26.51,6,16,0,24.05,0
CUST_0777,45,Male,Rural,28,33.9,28.4,57,264,2,39.6,1
CUST_0778,45,Male,Suburban,8,80.11,84.2,19,113,0,74.67,0
CUST_0779,54,Female,Rural,2,24.89,37.27,2,291,0,50.43,1
CUST_0780,58,Male,Suburban,41,57.06,70.85,65,291,2,71.15,1
CUST_0781,53,Female,Suburban,46,70.68,68.01,105,47,1,74.46,0
CUST_0782,44,Female,Rural,22,55.71,60.34,50,306,2,54.34,1
CUST_0783,34,Male,Suburban,41,57.98,54.39,96,96,0,50.76,0
CUST_0784,26,Male,Rural,56,63.11,88.15,111,94,0,82.75,0
CUST_0785,50,Female,Suburban,55,57.59,65.39,114,325,2,64.88,1
CUST_0786,37,Male,Rural,16,82.18,83.02,28,73,0,84.56,0
CUST_0787,30,Female,Rural,29,29.19,32.32,58,335,1,37.65,1
CUST_0788,45,Male,Suburban,49,54.81,58.88,111,67,0,50.32,0
CUST_0789,65,Male,Urban,48,13.64,18.01,108,245,1,18.79,1
CUST_0790,46,Female,Suburban,30,8.53,6.13,49,76,0,10.6,0
CUST_0791,30,Male,Rural,12,48.37,44.43,25,207,1,49.84,1
CUST_0792,63,Female,Urban,35,60.87,59.35,80,253,0,57.15,1
CUST_0793,52,Male,Suburban,11,82.61,71.21,17,220,0,69.07,1
CUST_0794,23,Female,Suburban,46,98.4,105.58,88,261,2,105.12,1
CUST_0795,35,Female,Suburban,50,76.4,68.38,105,330,1,69.31,1
CUST_0796,68,Male,Urban,21,64.54,53.94,46,343,3,60.45,1
CUST_0797,22,Female,Rural,21,53.2,53.06,39,258,4,47.01,1
CUST_0798,64,Male,Suburban,5,19.38,18.08,14,307,0,14.15,1
CUST_0799,42,Male,Suburban,48,47.08,49.58,106,73,0,42.92,0
CUST_0800,19,Male,Suburban,20,75.81,70.13,37,124,0,72.27,0
CUST_0801,27,Female,Suburban,37,67.97,64.04,72,187,3,69.55,1
CUST_0802,47,Female,Suburban,3,24.27,31.19,8,253,0,24.09,1
CUST_0803,67,Male,Rural,44,62.28,68.59,98,320,1,69.03,1
CUST_0804,62,Male,Rural,33,60.57,66.47,70,307,0,71.62,1
CUST_0805,22,Female,Suburban,53,57,57.34,109,234,2,61.26,1
CUST_0806,50,Male,Urban,9,49.44,51.13,25,249,3,54.99,1
CUST_0807,18,Male,Rural,9,63.31,65.61,24,331,0,59.66,1
CUST_0808,35,Female,Urban,4,63.95,57.39,8,344,1,61.24,1
CUST_0809,49,Male,Rural,35,37.17,51.91,64,71,0,50.98,0
CUST_0810,64,Female,Suburban,17,59.1,72.42,33,234,2,77.77,1
CUST_0811,66,Male,Rural,34,46.21,54.15,62,323,3,56.4,1
CUST_0812,28,Female,Suburban,24,20.26,16,48,155,0,11.92,0
CUST_0813,38,Male,Rural,32,38.77,44.16,79,114,0,45.55,0
CUST_0814,43,Male,Suburban,1,18.73,28.51,3,312,1,32.6,1
CUST_0815,42,Female,Suburban,8,69.6,57.37,15,227,2,54.84,1
CUST_0816,39,Male,Suburban,45,57.12,74.07,84,321,2,74.71,1
CUST_0817,44,Female,Suburban,23,42.89,25.5,41,345,0,18.82,1
CUST_0818,66,Male,Urban,47,78.41,85.46,108,244,0,88.21,1
CUST_0819,30,Female,Suburban,40,51.36,65.89,81,305,1,65.61,1
CUST_0820,50,Female,Urban,12,21.38,20.25,23,13,2,24.82,0
CUST_0821,51,Female,Urban,54,41.21,39.71,101,15,0,42.31,0
CUST_0822,58,Female,Suburban,12,82.66,89.34,26,41,1,87.3,0
CUST_0823,52,Male,Urban,46,36.61,55.13,87,109,2,50.9,0
CUST_0824,18,Male,Rural,47,55.5,52.69,95,277,3,47.31,1
CUST_0825,38,Female,Suburban,15,64.88,57.07,25,323,1,54.53,1
CUST_0826,65,Female,Urban,41,61.8,57.56,94,18,0,62,0
CUST_0827,23,Female,Suburban,19,98.99,83.46,36,65,0,74.68,0
CUST_0828,45,Male,Suburban,26,26.47,35.45,47,166,1,30.27,0
CUST_0829,34,Male,Suburban,52,28.47,23.33,107,72,0,27.62,0
CUST_0830,22,Male,Urban,29,26.8,24.72,53,309,5,31.36,1
CUST_0831,48,Male,Rural,22,44.08,53.18,49,111,0,48.26,0
CUST_0832,22,Female,Rural,40,71.99,68.22,58,273,2,62.99,1
CUST_0833,55,Female,Urban,21,29.37,36.96,38,84,1,44,0
CUST_0834,20,Female,Suburban,51,72.27,61.89,107,138,1,61.27,0
CUST_0835,40,Male,Urban,38,50.7,60.29,67,38,3,55.82,0
CUST_0836,54,Male,Urban,20,27.82,31.24,40,104,1,36.46,0
CUST_0837,54,Male,Urban,57,14.97,14.08,115,323,0,16.6,1
CUST_0838,27,Female,Suburban,29,19.45,20.76,63,280,1,24.44,1
CUST_0839,27,Female,Urban,51,36.68,23.81,87,122,0,19.6,0
CUST_0840,36,Male,Suburban,4,46.62,47.7,4,217,0,49.57,0
CUST_0841,34,Female,Urban,55,76.92,75.5,116,60,1,81.73,0
CUST_0842,38,Male,Rural,7,65.98,53.39,17,99,1,56.59,0
CUST_0843,31,Male,Urban,28,33.22,26.51,63,306,1,31.11,1
CUST_0844,26,Female,Urban,28,58.17,56.88,43,353,1,63.9,1
CUST_0845,63,Male,Rural,4,83.03,76.96,8,203,0,79.1,0
CUST_0846,18,Female,Suburban,22,87.48,63.36,55,257,2,60.53,1
CUST_0847,68,Male,Suburban,12,43.71,54.47,28,4,1,58.86,0
CUST_0848,62,Female,Urban,45,69.17,67.75,89,196,4,62.22,1
CUST_0849,30,Female,Rural,3,77.8,55.06,5,179,2,53.95,1
CUST_0850,21,Female,Suburban,22,19.86,41.21,40,341,2,44.15,1
CUST_0851,18,Male,Urban,44,39.75,52.16,80,132,0,36.07,0
CUST_0852,66,Male,Rural,2,94.4,90.91,5,323,1,92.17,1
CUST_0853,57,Female,Suburban,24,43.98,35.56,53,252,0,37.06,1
CUST_0854,49,Female,Suburban,34,5,9.03,78,264,1,3.35,1
CUST_0855,51,Male,Rural,27,47.58,49.6,53,92,2,51.23,0
CUST_0856,45,Male,Rural,55,72.49,77.91,114,149,2,78.86,1
CUST_0857,48,Male,Rural,41,50.13,41.73,89,137,1,41.9,0
CUST_0858,25,Female,Rural,1,64.31,75.29,4,207,0,81.24,0
CUST_0859,56,Male,Urban,8,68.76,64.03,18,124,4,68.42,1
CUST_0860,43,Male,Rural,23,42.9,49.71,44,233,2,52.91,1
CUST_0861,51,Female,Suburban,38,39.61,31.64,71,60,0,26.52,0
CUST_0862,20,Male,Suburban,6,53.07,79.55,12,306,2,79.46,1
CUST_0863,67,Male,Urban,22,53.56,60.52,37,265,0,66.44,1
CUST_0864,29,Male,Suburban,25,51.08,79.92,45,133,0,78.85,0
CUST_0865,18,Female,Suburban,18,51.9,60.18,27,317,3,67.95,1
CUST_0866,61,Female,Rural,17,35.03,29.42,42,112,2,32.77,0
CUST_0867,22,Female,Suburban,12,65.01,73.3,20,190,1,81.85,1
CUST_0868,47,Female,Urban,6,61.98,70.99,9,186,0,65.65,0
CUST_0869,47,Female,Rural,26,23.28,27.01,55,318,2,26.24,1
CUST_0870,34,Female,Rural,27,42.22,48.52,49,88,2,48.22,0
CUST_0871,65,Female,Urban,8,51.86,59.48,15,186,1,62.51,1
CUST_0872,64,Male,Rural,19,39.31,29.37,36,306,0,25.68,1
CUST_0873,40,Male,Rural,42,62.75,52.1,98,131,0,44.06,0
CUST_0874,32,Female,Urban,1,48.66,40.72,0,359,2,42.61,1
CUST_0875,54,Male,Rural,57,53.38,54.66,127,122,2,52.83,0
CUST_0876,38,Male,Urban,29,41.99,39.76,47,47,1,37.41,0
CUST_0877,31,Female,Urban,45,10.14,0.38,76,287,0,0,1
CUST_0878,19,Male,Suburban,49,8.99,16.74,99,178,2,17.36,1
CUST_0879,28,Male,Suburban,35,61.79,64.62,68,179,3,59.24,1
CUST_0880,68,Male,Rural,40,55.34,57.03,106,98,1,56.06,0
CUST_0881,56,Male,Rural,14,58.77,56.19,35,329,0,52.05,1
CUST_0882,55,Male,Urban,35,52.69,48.91,72,33,2,45.86,0
CUST_0883,51,Female,Rural,48,54.29,45.88,98,69,1,47.65,0
CUST_0884,55,Female,Urban,45,69.38,78.72,98,170,1,81.98,0
CUST_0885,67,Female,Urban,20,58.89,51.86,49,271,1,50.33,1
CUST_0886,51,Male,Rural,56,70.82,72.91,99,58,4,77.75,0
CUST_0887,35,Female,Urban,49,53.43,70.05,87,180,0,65.19,0
CUST_0888,47,Male,Suburban,13,43.99,40.67,29,18,0,33.07,0
CUST_0889,32,Male,Rural,38,53.88,63.49,58,225,1,56.81,1
CUST_0890,44,Male,Suburban,49,33.28,38.97,99,94,1,33.59,0
CUST_0891,68,Male,Rural,46,42.4,45.51,87,296,0,38.95,1
CUST_0892,51,Female,Urban,49,53.55,57.85,102,80,2,67.96,0
CUST_0893,69,Female,Rural,8,53.29,52.34,20,174,2,44.59,1
CUST_0894,55,Male,Suburban,43,47.87,48.22,96,221,0,52.91,1
CUST_0895,50,Female,Urban,20,22.24,16.76,37,102,2,16.63,0
CUST_0896,41,Male,Rural,33,62.73,63.14,52,53,1,64.26,0
CUST_0897,32,Female,Rural,26,66.68,60.83,51,182,0,56.3,0
CUST_0898,47,Female,Rural,39,82.87,92.93,91,350,1,94.56,1
CUST_0899,59,Male,Suburban,21,58.84,41.85,33,317,0,37.28,1
CUST_0900,68,Female,Suburban,53,50.03,54.84,74,354,0,59.45,1
CUST_0901,34,Male,Rural,49,29.74,33.11,103,348,0,38.14,1
CUST_0902,22,Female,Urban,42,79.84,82.3,88,320,3,81.63,1
CUST_0903,46,Male,Urban,43,54.96,65.2,72,67,1,64.85,0
CUST_0904,21,Male,Suburban,54,53.87,51.01,109,27,0,53.17,0
CUST_0905,27,Female,Urban,41,44.92,47.47,102,273,0,49.38,1
CUST_0906,34,Female,Suburban,9,43.64,26.47,19,281,0,31.59,1
CUST_0907,27,Male,Rural,24,63.77,59.62,51,359,3,64.6,1
CUST_0908,34,Female,Suburban,37,29.57,38.13,87,310,0,37.99,1
CUST_0909,37,Female,Suburban,49,82.51,69.12,94,118,2,66.73,0
CUST_0910,41,Male,Rural,41,78.15,79.75,91,133,0,83.81,0
CUST_0911,22,Male,Urban,17,42.92,36.14,30,128,5,35.36,1
CUST_0912,51,Female,Suburban,24,32.72,31.61,51,7,0,32.18,0
CUST_0913,23,Male,Suburban,21,9.7,3.52,37,50,0,6.17,0
CUST_0914,19,Male,Rural,51,24.97,12.5,101,340,0,17.38,1
CUST_0915,30,Male,Urban,59,64.6,68.46,105,280,1,69.76,1
CUST_0916,60,Female,Suburban,39,56.31,55.81,85,174,1,52.87,0
CUST_0917,60,Female,Rural,55,59.87,66,96,182,1,74.99,0
CUST_0918,65,Male,Suburban,41,13.09,21.03,94,191,0,28.68,0
CUST_0919,28,Female,Rural,39,42.08,54.33,81,248,2,49.24,1
CUST_0920,68,Male,Urban,13,77.35,78.68,21,234,0,74.12,1
CUST_0921,64,Female,Urban,11,48.08,60.77,26,82,1,56.84,0
CUST_0922,40,Male,Urban,46,24.55,14.79,84,92,0,19.03,0
CUST_0923,33,Male,Urban,19,47.77,56.86,39,311,1,66.04,1
CUST_0924,48,Female,Suburban,11,34.58,39.17,17,267,0,36.64,1
CUST_0925,28,Male,Suburban,13,56.67,59,20,119,3,59.85,1
CUST_0926,33,Female,Urban,46,50.41,54.86,102,70,0,51.1,0
CUST_0927,25,Female,Urban,45,60.87,51.26,88,16,0,59.76,0
CUST_0928,21,Male,Urban,1,25.64,13.67,0,252,0,17.79,1
CUST_0929,57,Male,Suburban,40,41.03,58.13,83,121,1,54.01,0
CUST_0930,21,Female,Urban,44,71.81,70.12,96,9,1,59.61,0
CUST_0931,42,Male,Urban,19,22.91,21.08,41,286,0,26.27,1
CUST_0932,20,Male,Urban,12,29.94,18.92,15,315,1,16.06,1
CUST_0933,49,Male,Rural,8,53.99,39.17,12,325,1,43.38,1
CUST_0934,20,Male,Urban,8,55.73,54.85,19,272,1,56.32,1
CUST_0935,44,Male,Rural,53,40.22,36.8,99,305,1,27.63,1
CUST_0936,46,Female,Rural,45,44.43,44.45,87,292,0,40.42,1
CUST_0937,49,Female,Urban,12,60.66,61.53,27,209,1,59.76,1
CUST_0938,67,Male,Rural,48,66.99,91.88,108,217,4,88.5,1
CUST_0939,68,Male,Urban,33,28.62,25.23,54,240,3,25.81,1
CUST_0940,36,Male,Suburban,45,57.29,73.09,90,199,1,75.1,1
CUST_0941,38,Female,Suburban,26,80.24,96.66,50,215,1,105.61,1
CUST_0942,22,Male,Suburban,39,47.68,55.22,71,204,1,57.58,1
CUST_0943,35,Female,Suburban,28,28.4,26.05,53,215,0,33.51,0
CUST_0944,45,Female,Rural,58,27.48,13.87,122,79,0,11.49,0
CUST_0945,59,Female,Urban,5,46.79,51.57,10,266,1,57.4,1
CUST_0946,39,Male,Urban,8,70.72,80.91,21,34,1,79,0
CUST_0947,38,Female,Urban,25,49.18,66.66,52,288,2,62.07,1
CUST_0948,23,Male,Suburban,27,53.78,44.28,65,17,0,39.48,0
CUST_0949,18,Female,Suburban,46,30.07,27.63,88,164,0,14.42,0
CUST_0950,22,Male,Urban,23,69.66,60.22,34,12,2,64.49,0
CUST_0951,58,Female,Suburban,30,27.09,20.76,62,201,0,14.31,0
CUST_0952,29,Male,Urban,45,39.91,46.55,97,228,4,53.59,1
CUST_0953,43,Female,Urban,47,62.6,55.81,81,345,0,54.94,1
CUST_0954,63,Male,Urban,23,9.21,0.97,50,0,1,0,0
CUST_0955,51,Male,Urban,49,53.48,61.45,102,318,1,55.86,1
CUST_0956,66,Male,Urban,47,29.22,33.73,93,216,0,34.68,0
CUST_0957,31,Male,Urban,20,50.33,53.83,42,33,0,44.43,0
CUST_0958,43,Female,Urban,18,42.96,36.43,36,358,1,39.38,1
CUST_0959,62,Female,Suburban,18,92.12,105.05,25,265,2,97.47,1
CUST_0960,44,Male,Urban,2,42.14,42.28,4,127,1,38.59,0
CUST_0961,26,Female,Urban,4,86.85,110.65,6,211,0,111.64,0
CUST_0962,43,Male,Suburban,30,61.74,63.35,63,262,1,65.69,1
CUST_0963,64,Male,Suburban,33,33.97,10.64,67,311,2,14.63,1
CUST_0964,39,Female,Suburban,36,56.62,32.84,78,79,0,26.31,0
CUST_0965,64,Male,Urban,18,43.91,50.15,45,164,0,48.61,0
CUST_0966,47,Male,Rural,37,54.84,67.84,66,251,1,73.3,1
CUST_0967,60,Female,Rural,19,35.72,27.88,37,11,2,26.34,0
CUST_0968,65,Male,Suburban,47,83.8,104.81,105,303,1,106.28,1
CUST_0969,34,Male,Rural,28,68.51,85.14,65,211,1,85.95,1
CUST_0970,43,Male,Suburban,40,50.64,52.75,88,281,1,59.26,1
CUST_0971,53,Male,Urban,20,84.58,89.97,45,111,1,87.64,0
CUST_0972,18,Female,Rural,49,51.49,60.44,106,210,0,53.49,0
CUST_0973,25,Female,Urban,33,71.95,90.85,75,238,0,86.01,1
CUST_0974,66,Female,Rural,12,50.77,57.59,31,267,0,58.53,1
CUST_0975,52,Male,Urban,58,57.88,59.76,122,297,1,51.91,1
CUST_0976,69,Male,Rural,51,48.37,55.09,86,316,0,52.37,1
CUST_0977,32,Female,Urban,15,51.91,57.28,36,57,1,57.66,0
CUST_0978,64,Male,Urban,41,53.41,62.65,83,33,0,58.82,0
CUST_0979,39,Male,Rural,39,36.61,20.91,83,262,1,22.54,1
CUST_0980,31,Male,Urban,2,41.98,45.14,2,364,2,48.76,1
CUST_0981,43,Male,Urban,29,45.66,50.26,60,34,2,52.53,0
CUST_0982,45,Female,Urban,41,54.59,53.86,93,270,1,46.12,1
CUST_0983,40,Female,Rural,10,49.39,57.23,21,226,3,57.63,1
CUST_0984,31,Female,Rural,2,73.46,92.67,1,24,1,93.46,0
CUST_0985,41,Male,Urban,51,66.94,68.32,109,233,5,66.42,1
CUST_0986,19,Female,Urban,11,46.07,52.99,25,58,1,54.56,0
CUST_0987,62,Female,Rural,13,77.64,93.7,29,250,1,95.09,1
CUST_0988,43,Male,Rural,10,87.46,89.08,17,334,0,88.63,1
CUST_0989,31,Male,Urban,14,9.12,0.24,30,85,0,0,0
CUST_0990,68,Female,Urban,18,68.65,74.81,34,250,3,74.68,1
CUST_0991,24,Female,Urban,51,36.14,14.12,111,179,2,23.45,1
CUST_0992,20,Female,Suburban,54,66.01,43.03,114,206,1,41.07,1
CUST_0993,64,Female,Rural,9,74.76,78.09,24,343,2,83.33,1
CUST_0994,40,Male,Suburban,57,32.46,9.01,103,148,1,9.2,0
CUST_0995,63,Female,Rural,39,12.95,0,78,70,0,0,0
CUST_0996,60,Female,Rural,28,66.71,62.91,62,120,1,61.43,0
CUST_0997,64,Male,Rural,3,52.71,45.5,11,252,0,45.42,1
CUST_0998,62,Female,Rural,20,16.63,15.15,47,92,0,18.43,0
CUST_0999,35,Male,Rural,6,100.59,111.72,9,255,1,123.62,1
CUST_1000,55,Male,Rural,27,62.49,64.87,62,253,2,65.14,1
